Country,Admin1,Admin2,ISO3,Admin2 Pcode,Admin1 Pcode,Month,Year,Events,Fatalities
South Sudan,Eastern Equatoria,Kapoeta North,SSD,SS0204,SS02,January,2026,0,0
South Sudan,Warrap,Tonj South,SSD,SS0805,SS08,January,2026,4,3
South Sudan,Unity,Panriang,SSD,SS0608,SS06,January,2026,0,0
South Sudan,Central Equatoria,Juba,SSD,SS0101,SS01,January,2026,5,26
South Sudan,Northern Bahr el Ghazal,Aweil North,SSD,SS0503,SS05,January,2026,0,0
South Sudan,Jonglei,Canal/Pigi,SSD,SS0304,SS03,January,2026,2,4
South Sudan,Jonglei,Pochalla,SSD,SS0309,SS03,January,2026,2,1
South Sudan,Northern Bahr el Ghazal,Aweil West,SSD,SS0505,SS05,January,2026,0,0
South Sudan,Unity,Mayendit,SSD,SS0605,SS06,January,2026,1,3
South Sudan,Lakes,Cueibet,SSD,SS0402,SS04,January,2026,2,7
South Sudan,Upper Nile,Maban,SSD,SS0705,SS07,January,2026,1,1
South Sudan,Warrap,Gogrial East,SSD,SS0801,SS08,January,2026,5,29
South Sudan,Upper Nile,Renk,SSD,SS0711,SS07,January,2026,0,0
South Sudan,Warrap,Twic,SSD,SS0806,SS08,January,2026,1,0
South Sudan,Upper Nile,Panyikang,SSD,SS0710,SS07,January,2026,0,0
South Sudan,Eastern Equatoria,Kapoeta East,SSD,SS0203,SS02,January,2026,10,12
South Sudan,Warrap,Tonj North,SSD,SS0804,SS08,January,2026,3,18
South Sudan,Eastern Equatoria,Ikotos,SSD,SS0202,SS02,January,2026,0,0
South Sudan,Jonglei,Duk,SSD,SS0305,SS03,January,2026,4,58
South Sudan,Lakes,Wulu,SSD,SS0406,SS04,January,2026,0,0
South Sudan,Upper Nile,Luakpiny/Nasir,SSD,SS0704,SS07,January,2026,3,0
South Sudan,Northern Bahr el Ghazal,Aweil South,SSD,SS0504,SS05,January,2026,0,0
South Sudan,Western Equatoria,Nagero,SSD,SS1007,SS10,January,2026,0,0
South Sudan,Jonglei,Akobo,SSD,SS0301,SS03,January,2026,2,1
South Sudan,Upper Nile,Longchuk,SSD,SS0703,SS07,January,2026,0,0
South Sudan,Upper Nile,Fashoda,SSD,SS0702,SS07,January,2026,0,0
South Sudan,Western Equatoria,Mundri West,SSD,SS1005,SS10,January,2026,0,0
South Sudan,Unity,Koch,SSD,SS0603,SS06,January,2026,1,5
South Sudan,Western Bahr el Ghazal,Jur River,SSD,SS0901,SS09,January,2026,0,0
South Sudan,Unity,Abiemnhom,SSD,SS0601,SS06,January,2026,0,0
South Sudan,Unity,Guit,SSD,SS0602,SS06,January,2026,3,0
South Sudan,Central Equatoria,Yei,SSD,SS0106,SS01,January,2026,4,7
South Sudan,Jonglei,Fangak,SSD,SS0306,SS03,January,2026,0,0
South Sudan,Western Bahr el Ghazal,Raja,SSD,SS0902,SS09,January,2026,0,0
South Sudan,Central Equatoria,Terekeka,SSD,SS0105,SS01,January,2026,1,0
South Sudan,Central Equatoria,Kajo Keji,SSD,SS0102,SS01,January,2026,0,0
South Sudan,Upper Nile,Baliet,SSD,SS0701,SS07,January,2026,0,0
South Sudan,Jonglei,Bor South,SSD,SS0303,SS03,January,2026,1,1
South Sudan,Warrap,Tonj East,SSD,SS0803,SS08,January,2026,2,27
South Sudan,Western Equatoria,Tambura,SSD,SS1009,SS10,January,2026,1,0
South Sudan,Central Equatoria,Lainya,SSD,SS0103,SS01,January,2026,1,1
South Sudan,Warrap,Gogrial West,SSD,SS0802,SS08,January,2026,0,0
South Sudan,Jonglei,Uror,SSD,SS0311,SS03,January,2026,13,85
South Sudan,Jonglei,Pibor,SSD,SS0308,SS03,January,2026,8,13
South Sudan,Lakes,Rumbek East,SSD,SS0404,SS04,January,2026,1,4
South Sudan,Lakes,Yirol West,SSD,SS0408,SS04,January,2026,0,0
South Sudan,Lakes,Awerial,SSD,SS0401,SS04,January,2026,0,0
South Sudan,Central Equatoria,Morobo,SSD,SS0104,SS01,January,2026,7,23
South Sudan,Western Equatoria,Anzara,SSD,SS1008,SS10,January,2026,0,0
South Sudan,Western Equatoria,Yambio,SSD,SS1010,SS10,January,2026,0,0
South Sudan,Eastern Equatoria,Magwi,SSD,SS0207,SS02,January,2026,2,0
South Sudan,Lakes,Rumbek Centre,SSD,SS0403,SS04,January,2026,1,4
South Sudan,Northern Bahr el Ghazal,Aweil Centre,SSD,SS0501,SS05,January,2026,0,0
South Sudan,Lakes,Rumbek North,SSD,SS0405,SS04,January,2026,6,10
South Sudan,Western Equatoria,Ezo,SSD,SS1001,SS10,January,2026,0,0
South Sudan,Upper Nile,Manyo,SSD,SS0708,SS07,January,2026,0,0
South Sudan,Unity,Rubkona,SSD,SS0609,SS06,January,2026,7,4
South Sudan,Upper Nile,Maiwut,SSD,SS0706,SS07,January,2026,0,0
South Sudan,Unity,Leer,SSD,SS0604,SS06,January,2026,1,5
South Sudan,Upper Nile,Ulang,SSD,SS0712,SS07,January,2026,3,2
South Sudan,Eastern Equatoria,Budi,SSD,SS0201,SS02,January,2026,1,0
South Sudan,Eastern Equatoria,Lafon,SSD,SS0206,SS02,January,2026,0,0
South Sudan,Western Equatoria,Mundri East,SSD,SS1004,SS10,January,2026,1,1
South Sudan,Jonglei,Ayod,SSD,SS0302,SS03,January,2026,4,0
South Sudan,Jonglei,Twic East,SSD,SS0310,SS03,January,2026,1,0
South Sudan,Eastern Equatoria,Kapoeta South,SSD,SS0205,SS02,January,2026,0,0
South Sudan,Northern Bahr el Ghazal,Aweil East,SSD,SS0502,SS05,January,2026,0,0
South Sudan,Western Bahr el Ghazal,Wau,SSD,SS0903,SS09,January,2026,0,0
South Sudan,Upper Nile,Malakal,SSD,SS0707,SS07,January,2026,0,0
South Sudan,Western Equatoria,Ibba,SSD,SS1002,SS10,January,2026,0,0
South Sudan,Western Equatoria,Maridi,SSD,SS1003,SS10,January,2026,0,0
South Sudan,Lakes,Yirol East,SSD,SS0407,SS04,January,2026,1,2
South Sudan,Unity,Panyijiar,SSD,SS0607,SS06,January,2026,0,0
South Sudan,Upper Nile,Melut,SSD,SS0709,SS07,January,2026,0,0
South Sudan,Jonglei,Nyirol,SSD,SS0307,SS03,January,2026,2,0
South Sudan,Unity,Mayom,SSD,SS0606,SS06,January,2026,8,21
South Sudan,Eastern Equatoria,Torit,SSD,SS0208,SS02,January,2026,1,3
South Sudan,Western Equatoria,Mvolo,SSD,SS1006,SS10,January,2026,0,0
South Sudan,Eastern Equatoria,Kapoeta North,SSD,SS0204,SS02,February,2026,2,1
South Sudan,Warrap,Tonj South,SSD,SS0805,SS08,February,2026,2,15
South Sudan,Unity,Panriang,SSD,SS0608,SS06,February,2026,0,0
South Sudan,Central Equatoria,Juba,SSD,SS0101,SS01,February,2026,4,6
South Sudan,Northern Bahr el Ghazal,Aweil North,SSD,SS0503,SS05,February,2026,0,0
South Sudan,Jonglei,Canal/Pigi,SSD,SS0304,SS03,February,2026,0,0
South Sudan,Jonglei,Pochalla,SSD,SS0309,SS03,February,2026,1,0
South Sudan,Northern Bahr el Ghazal,Aweil West,SSD,SS0505,SS05,February,2026,0,0
South Sudan,Unity,Mayendit,SSD,SS0605,SS06,February,2026,2,3
South Sudan,Lakes,Cueibet,SSD,SS0402,SS04,February,2026,0,0
South Sudan,Upper Nile,Maban,SSD,SS0705,SS07,February,2026,1,0
South Sudan,Warrap,Gogrial East,SSD,SS0801,SS08,February,2026,1,2
South Sudan,Upper Nile,Renk,SSD,SS0711,SS07,February,2026,0,0
South Sudan,Warrap,Twic,SSD,SS0806,SS08,February,2026,4,10
South Sudan,Upper Nile,Panyikang,SSD,SS0710,SS07,February,2026,1,4
South Sudan,Eastern Equatoria,Kapoeta East,SSD,SS0203,SS02,February,2026,3,8
South Sudan,Warrap,Tonj North,SSD,SS0804,SS08,February,2026,2,1
South Sudan,Eastern Equatoria,Ikotos,SSD,SS0202,SS02,February,2026,1,1
South Sudan,Jonglei,Duk,SSD,SS0305,SS03,February,2026,1,7
South Sudan,Lakes,Wulu,SSD,SS0406,SS04,February,2026,0,0
South Sudan,Upper Nile,Luakpiny/Nasir,SSD,SS0704,SS07,February,2026,0,0
South Sudan,Northern Bahr el Ghazal,Aweil South,SSD,SS0504,SS05,February,2026,0,0
South Sudan,Western Equatoria,Nagero,SSD,SS1007,SS10,February,2026,0,0
South Sudan,Jonglei,Akobo,SSD,SS0301,SS03,February,2026,11,49
South Sudan,Upper Nile,Longchuk,SSD,SS0703,SS07,February,2026,0,0
South Sudan,Upper Nile,Fashoda,SSD,SS0702,SS07,February,2026,0,0
South Sudan,Western Equatoria,Mundri West,SSD,SS1005,SS10,February,2026,0,0
South Sudan,Unity,Koch,SSD,SS0603,SS06,February,2026,0,0
South Sudan,Western Bahr el Ghazal,Jur River,SSD,SS0901,SS09,February,2026,1,0
South Sudan,Unity,Abiemnhom,SSD,SS0601,SS06,February,2026,2,2
South Sudan,Unity,Guit,SSD,SS0602,SS06,February,2026,2,7
South Sudan,Central Equatoria,Yei,SSD,SS0106,SS01,February,2026,7,8
South Sudan,Jonglei,Fangak,SSD,SS0306,SS03,February,2026,1,0
South Sudan,Western Bahr el Ghazal,Raja,SSD,SS0902,SS09,February,2026,0,0
South Sudan,Central Equatoria,Terekeka,SSD,SS0105,SS01,February,2026,1,27
South Sudan,Central Equatoria,Kajo Keji,SSD,SS0102,SS01,February,2026,0,0
South Sudan,Upper Nile,Baliet,SSD,SS0701,SS07,February,2026,3,188
South Sudan,Jonglei,Bor South,SSD,SS0303,SS03,February,2026,7,7
South Sudan,Warrap,Tonj East,SSD,SS0803,SS08,February,2026,2,1
South Sudan,Western Equatoria,Tambura,SSD,SS1009,SS10,February,2026,0,0
South Sudan,Central Equatoria,Lainya,SSD,SS0103,SS01,February,2026,2,0
South Sudan,Warrap,Gogrial West,SSD,SS0802,SS08,February,2026,0,0
South Sudan,Jonglei,Uror,SSD,SS0311,SS03,February,2026,4,5
South Sudan,Jonglei,Pibor,SSD,SS0308,SS03,February,2026,4,7
South Sudan,Lakes,Rumbek East,SSD,SS0404,SS04,February,2026,2,1
South Sudan,Lakes,Yirol West,SSD,SS0408,SS04,February,2026,0,0
South Sudan,Lakes,Awerial,SSD,SS0401,SS04,February,2026,0,0
South Sudan,Central Equatoria,Morobo,SSD,SS0104,SS01,February,2026,1,4
South Sudan,Western Equatoria,Anzara,SSD,SS1008,SS10,February,2026,0,0
South Sudan,Western Equatoria,Yambio,SSD,SS1010,SS10,February,2026,8,2
South Sudan,Eastern Equatoria,Magwi,SSD,SS0207,SS02,February,2026,1,0
South Sudan,Lakes,Rumbek Centre,SSD,SS0403,SS04,February,2026,3,10
South Sudan,Northern Bahr el Ghazal,Aweil Centre,SSD,SS0501,SS05,February,2026,0,0
South Sudan,Lakes,Rumbek North,SSD,SS0405,SS04,February,2026,1,6
South Sudan,Western Equatoria,Ezo,SSD,SS1001,SS10,February,2026,0,0
South Sudan,Upper Nile,Manyo,SSD,SS0708,SS07,February,2026,0,0
South Sudan,Unity,Rubkona,SSD,SS0609,SS06,February,2026,3,2
South Sudan,Upper Nile,Maiwut,SSD,SS0706,SS07,February,2026,0,0
South Sudan,Unity,Leer,SSD,SS0604,SS06,February,2026,0,0
South Sudan,Upper Nile,Ulang,SSD,SS0712,SS07,February,2026,3,4
South Sudan,Eastern Equatoria,Budi,SSD,SS0201,SS02,February,2026,1,0
South Sudan,Eastern Equatoria,Lafon,SSD,SS0206,SS02,February,2026,2,1
South Sudan,Western Equatoria,Mundri East,SSD,SS1004,SS10,February,2026,2,0
South Sudan,Jonglei,Ayod,SSD,SS0302,SS03,February,2026,5,27
South Sudan,Jonglei,Twic East,SSD,SS0310,SS03,February,2026,0,0
South Sudan,Eastern Equatoria,Kapoeta South,SSD,SS0205,SS02,February,2026,0,0
South Sudan,Northern Bahr el Ghazal,Aweil East,SSD,SS0502,SS05,February,2026,1,2
South Sudan,Western Bahr el Ghazal,Wau,SSD,SS0903,SS09,February,2026,1,0
South Sudan,Upper Nile,Malakal,SSD,SS0707,SS07,February,2026,1,2
South Sudan,Western Equatoria,Ibba,SSD,SS1002,SS10,February,2026,0,0
South Sudan,Western Equatoria,Maridi,SSD,SS1003,SS10,February,2026,0,0
South Sudan,Lakes,Yirol East,SSD,SS0407,SS04,February,2026,0,0
South Sudan,Unity,Panyijiar,SSD,SS0607,SS06,February,2026,0,0
South Sudan,Upper Nile,Melut,SSD,SS0709,SS07,February,2026,0,0
South Sudan,Jonglei,Nyirol,SSD,SS0307,SS03,February,2026,7,4
South Sudan,Unity,Mayom,SSD,SS0606,SS06,February,2026,4,1
South Sudan,Eastern Equatoria,Torit,SSD,SS0208,SS02,February,2026,2,2
South Sudan,Western Equatoria,Mvolo,SSD,SS1006,SS10,February,2026,0,0
South Sudan,Eastern Equatoria,Kapoeta North,SSD,SS0204,SS02,March,2026,0,0
South Sudan,Warrap,Tonj South,SSD,SS0805,SS08,March,2026,1,1
South Sudan,Unity,Panriang,SSD,SS0608,SS06,March,2026,1,0
South Sudan,Central Equatoria,Juba,SSD,SS0101,SS01,March,2026,10,65
South Sudan,Northern Bahr el Ghazal,Aweil North,SSD,SS0503,SS05,March,2026,0,0
South Sudan,Jonglei,Canal/Pigi,SSD,SS0304,SS03,March,2026,7,27
South Sudan,Jonglei,Pochalla,SSD,SS0309,SS03,March,2026,1,5
South Sudan,Northern Bahr el Ghazal,Aweil West,SSD,SS0505,SS05,March,2026,0,0
South Sudan,Unity,Mayendit,SSD,SS0605,SS06,March,2026,0,0
South Sudan,Lakes,Cueibet,SSD,SS0402,SS04,March,2026,1,10
South Sudan,Upper Nile,Maban,SSD,SS0705,SS07,March,2026,0,0
South Sudan,Warrap,Gogrial East,SSD,SS0801,SS08,March,2026,4,26
South Sudan,Upper Nile,Renk,SSD,SS0711,SS07,March,2026,0,0
South Sudan,Warrap,Twic,SSD,SS0806,SS08,March,2026,1,7
South Sudan,Upper Nile,Panyikang,SSD,SS0710,SS07,March,2026,0,0
South Sudan,Eastern Equatoria,Kapoeta East,SSD,SS0203,SS02,March,2026,1,0
South Sudan,Warrap,Tonj North,SSD,SS0804,SS08,March,2026,1,58
South Sudan,Eastern Equatoria,Ikotos,SSD,SS0202,SS02,March,2026,0,0
South Sudan,Jonglei,Duk,SSD,SS0305,SS03,March,2026,1,0
South Sudan,Lakes,Wulu,SSD,SS0406,SS04,March,2026,0,0
South Sudan,Upper Nile,Luakpiny/Nasir,SSD,SS0704,SS07,March,2026,4,7
South Sudan,Northern Bahr el Ghazal,Aweil South,SSD,SS0504,SS05,March,2026,0,0
South Sudan,Western Equatoria,Nagero,SSD,SS1007,SS10,March,2026,0,0
South Sudan,Jonglei,Akobo,SSD,SS0301,SS03,March,2026,13,23
South Sudan,Upper Nile,Longchuk,SSD,SS0703,SS07,March,2026,0,0
South Sudan,Upper Nile,Fashoda,SSD,SS0702,SS07,March,2026,0,0
South Sudan,Western Equatoria,Mundri West,SSD,SS1005,SS10,March,2026,0,0
South Sudan,Unity,Koch,SSD,SS0603,SS06,March,2026,0,0
South Sudan,Western Bahr el Ghazal,Jur River,SSD,SS0901,SS09,March,2026,0,0
South Sudan,Unity,Abiemnhom,SSD,SS0601,SS06,March,2026,1,213
South Sudan,Unity,Guit,SSD,SS0602,SS06,March,2026,0,0
South Sudan,Central Equatoria,Yei,SSD,SS0106,SS01,March,2026,11,1
South Sudan,Jonglei,Fangak,SSD,SS0306,SS03,March,2026,0,0
South Sudan,Western Bahr el Ghazal,Raja,SSD,SS0902,SS09,March,2026,0,0
South Sudan,Central Equatoria,Terekeka,SSD,SS0105,SS01,March,2026,0,0
South Sudan,Central Equatoria,Kajo Keji,SSD,SS0102,SS01,March,2026,0,0
South Sudan,Upper Nile,Baliet,SSD,SS0701,SS07,March,2026,0,0
South Sudan,Jonglei,Bor South,SSD,SS0303,SS03,March,2026,1,0
South Sudan,Warrap,Tonj East,SSD,SS0803,SS08,March,2026,3,15
South Sudan,Western Equatoria,Tambura,SSD,SS1009,SS10,March,2026,2,1
South Sudan,Central Equatoria,Lainya,SSD,SS0103,SS01,March,2026,5,22
South Sudan,Warrap,Gogrial West,SSD,SS0802,SS08,March,2026,0,0
South Sudan,Jonglei,Uror,SSD,SS0311,SS03,March,2026,2,19
South Sudan,Jonglei,Pibor,SSD,SS0308,SS03,March,2026,2,4
South Sudan,Lakes,Rumbek East,SSD,SS0404,SS04,March,2026,0,0
South Sudan,Lakes,Yirol West,SSD,SS0408,SS04,March,2026,0,0
South Sudan,Lakes,Awerial,SSD,SS0401,SS04,March,2026,0,0
South Sudan,Central Equatoria,Morobo,SSD,SS0104,SS01,March,2026,2,2
South Sudan,Western Equatoria,Anzara,SSD,SS1008,SS10,March,2026,0,0
South Sudan,Western Equatoria,Yambio,SSD,SS1010,SS10,March,2026,2,1
South Sudan,Eastern Equatoria,Magwi,SSD,SS0207,SS02,March,2026,0,0
South Sudan,Lakes,Rumbek Centre,SSD,SS0403,SS04,March,2026,0,0
South Sudan,Northern Bahr el Ghazal,Aweil Centre,SSD,SS0501,SS05,March,2026,0,0
South Sudan,Lakes,Rumbek North,SSD,SS0405,SS04,March,2026,0,0
South Sudan,Western Equatoria,Ezo,SSD,SS1001,SS10,March,2026,3,1
South Sudan,Upper Nile,Manyo,SSD,SS0708,SS07,March,2026,1,1
South Sudan,Unity,Rubkona,SSD,SS0609,SS06,March,2026,0,0
South Sudan,Upper Nile,Maiwut,SSD,SS0706,SS07,March,2026,0,0
South Sudan,Unity,Leer,SSD,SS0604,SS06,March,2026,0,0
South Sudan,Upper Nile,Ulang,SSD,SS0712,SS07,March,2026,7,0
South Sudan,Eastern Equatoria,Budi,SSD,SS0201,SS02,March,2026,0,0
South Sudan,Eastern Equatoria,Lafon,SSD,SS0206,SS02,March,2026,2,1
South Sudan,Western Equatoria,Mundri East,SSD,SS1004,SS10,March,2026,6,21
South Sudan,Jonglei,Ayod,SSD,SS0302,SS03,March,2026,0,0
South Sudan,Jonglei,Twic East,SSD,SS0310,SS03,March,2026,2,0
South Sudan,Eastern Equatoria,Kapoeta South,SSD,SS0205,SS02,March,2026,0,0
South Sudan,Northern Bahr el Ghazal,Aweil East,SSD,SS0502,SS05,March,2026,0,0
South Sudan,Western Bahr el Ghazal,Wau,SSD,SS0903,SS09,March,2026,3,7
South Sudan,Upper Nile,Malakal,SSD,SS0707,SS07,March,2026,2,1
South Sudan,Western Equatoria,Ibba,SSD,SS1002,SS10,March,2026,0,0
South Sudan,Western Equatoria,Maridi,SSD,SS1003,SS10,March,2026,0,0
South Sudan,Lakes,Yirol East,SSD,SS0407,SS04,March,2026,0,0
South Sudan,Unity,Panyijiar,SSD,SS0607,SS06,March,2026,4,6
South Sudan,Upper Nile,Melut,SSD,SS0709,SS07,March,2026,0,0
South Sudan,Jonglei,Nyirol,SSD,SS0307,SS03,March,2026,2,1
South Sudan,Unity,Mayom,SSD,SS0606,SS06,March,2026,7,20
South Sudan,Eastern Equatoria,Torit,SSD,SS0208,SS02,March,2026,5,8
South Sudan,Western Equatoria,Mvolo,SSD,SS1006,SS10,March,2026,0,0
South Sudan,Eastern Equatoria,Kapoeta North,SSD,SS0204,SS02,April,2026,3,4
South Sudan,Warrap,Tonj South,SSD,SS0805,SS08,April,2026,0,0
South Sudan,Unity,Panriang,SSD,SS0608,SS06,April,2026,2,0
South Sudan,Central Equatoria,Juba,SSD,SS0101,SS01,April,2026,5,18
South Sudan,Northern Bahr el Ghazal,Aweil North,SSD,SS0503,SS05,April,2026,0,0
South Sudan,Jonglei,Canal/Pigi,SSD,SS0304,SS03,April,2026,0,0
South Sudan,Jonglei,Pochalla,SSD,SS0309,SS03,April,2026,1,1
South Sudan,Northern Bahr el Ghazal,Aweil West,SSD,SS0505,SS05,April,2026,0,0
South Sudan,Unity,Mayendit,SSD,SS0605,SS06,April,2026,0,0
South Sudan,Lakes,Cueibet,SSD,SS0402,SS04,April,2026,1,10
South Sudan,Upper Nile,Maban,SSD,SS0705,SS07,April,2026,1,0
South Sudan,Warrap,Gogrial East,SSD,SS0801,SS08,April,2026,2,0
South Sudan,Upper Nile,Renk,SSD,SS0711,SS07,April,2026,0,0
South Sudan,Warrap,Twic,SSD,SS0806,SS08,April,2026,4,4
South Sudan,Upper Nile,Panyikang,SSD,SS0710,SS07,April,2026,5,10
South Sudan,Eastern Equatoria,Kapoeta East,SSD,SS0203,SS02,April,2026,0,0
South Sudan,Warrap,Tonj North,SSD,SS0804,SS08,April,2026,4,3
South Sudan,Eastern Equatoria,Ikotos,SSD,SS0202,SS02,April,2026,0,0
South Sudan,Jonglei,Duk,SSD,SS0305,SS03,April,2026,0,0
South Sudan,Lakes,Wulu,SSD,SS0406,SS04,April,2026,0,0
South Sudan,Upper Nile,Luakpiny/Nasir,SSD,SS0704,SS07,April,2026,6,4
South Sudan,Northern Bahr el Ghazal,Aweil South,SSD,SS0504,SS05,April,2026,0,0
South Sudan,Western Equatoria,Nagero,SSD,SS1007,SS10,April,2026,0,0
South Sudan,Jonglei,Akobo,SSD,SS0301,SS03,April,2026,5,16
South Sudan,Upper Nile,Longchuk,SSD,SS0703,SS07,April,2026,0,0
South Sudan,Upper Nile,Fashoda,SSD,SS0702,SS07,April,2026,0,0
South Sudan,Western Equatoria,Mundri West,SSD,SS1005,SS10,April,2026,1,3
South Sudan,Unity,Koch,SSD,SS0603,SS06,April,2026,0,0
South Sudan,Western Bahr el Ghazal,Jur River,SSD,SS0901,SS09,April,2026,0,0
South Sudan,Unity,Abiemnhom,SSD,SS0601,SS06,April,2026,0,0
South Sudan,Unity,Guit,SSD,SS0602,SS06,April,2026,0,0
South Sudan,Central Equatoria,Yei,SSD,SS0106,SS01,April,2026,2,1
South Sudan,Jonglei,Fangak,SSD,SS0306,SS03,April,2026,2,0
South Sudan,Western Bahr el Ghazal,Raja,SSD,SS0902,SS09,April,2026,0,0
South Sudan,Central Equatoria,Terekeka,SSD,SS0105,SS01,April,2026,0,0
South Sudan,Central Equatoria,Kajo Keji,SSD,SS0102,SS01,April,2026,2,2
South Sudan,Upper Nile,Baliet,SSD,SS0701,SS07,April,2026,0,0
South Sudan,Jonglei,Bor South,SSD,SS0303,SS03,April,2026,3,7
South Sudan,Warrap,Tonj East,SSD,SS0803,SS08,April,2026,7,58
South Sudan,Western Equatoria,Tambura,SSD,SS1009,SS10,April,2026,0,0
South Sudan,Central Equatoria,Lainya,SSD,SS0103,SS01,April,2026,0,0
South Sudan,Warrap,Gogrial West,SSD,SS0802,SS08,April,2026,0,0
South Sudan,Jonglei,Uror,SSD,SS0311,SS03,April,2026,1,1
South Sudan,Jonglei,Pibor,SSD,SS0308,SS03,April,2026,3,21
South Sudan,Lakes,Rumbek East,SSD,SS0404,SS04,April,2026,0,0
South Sudan,Lakes,Yirol West,SSD,SS0408,SS04,April,2026,0,0
South Sudan,Lakes,Awerial,SSD,SS0401,SS04,April,2026,0,0
South Sudan,Central Equatoria,Morobo,SSD,SS0104,SS01,April,2026,3,3
South Sudan,Western Equatoria,Anzara,SSD,SS1008,SS10,April,2026,0,0
South Sudan,Western Equatoria,Yambio,SSD,SS1010,SS10,April,2026,4,28
South Sudan,Eastern Equatoria,Magwi,SSD,SS0207,SS02,April,2026,0,0
South Sudan,Lakes,Rumbek Centre,SSD,SS0403,SS04,April,2026,2,2
South Sudan,Northern Bahr el Ghazal,Aweil Centre,SSD,SS0501,SS05,April,2026,0,0
South Sudan,Lakes,Rumbek North,SSD,SS0405,SS04,April,2026,1,1
South Sudan,Western Equatoria,Ezo,SSD,SS1001,SS10,April,2026,1,0
South Sudan,Upper Nile,Manyo,SSD,SS0708,SS07,April,2026,0,0
South Sudan,Unity,Rubkona,SSD,SS0609,SS06,April,2026,1,1
South Sudan,Upper Nile,Maiwut,SSD,SS0706,SS07,April,2026,0,0
South Sudan,Unity,Leer,SSD,SS0604,SS06,April,2026,0,0
South Sudan,Upper Nile,Ulang,SSD,SS0712,SS07,April,2026,3,24
South Sudan,Eastern Equatoria,Budi,SSD,SS0201,SS02,April,2026,0,0
South Sudan,Eastern Equatoria,Lafon,SSD,SS0206,SS02,April,2026,5,6
South Sudan,Western Equatoria,Mundri East,SSD,SS1004,SS10,April,2026,3,1
South Sudan,Jonglei,Ayod,SSD,SS0302,SS03,April,2026,0,0
South Sudan,Jonglei,Twic East,SSD,SS0310,SS03,April,2026,0,0
South Sudan,Eastern Equatoria,Kapoeta South,SSD,SS0205,SS02,April,2026,0,0
South Sudan,Northern Bahr el Ghazal,Aweil East,SSD,SS0502,SS05,April,2026,0,0
South Sudan,Western Bahr el Ghazal,Wau,SSD,SS0903,SS09,April,2026,2,3
South Sudan,Upper Nile,Malakal,SSD,SS0707,SS07,April,2026,1,0
South Sudan,Western Equatoria,Ibba,SSD,SS1002,SS10,April,2026,1,1
South Sudan,Western Equatoria,Maridi,SSD,SS1003,SS10,April,2026,0,0
South Sudan,Lakes,Yirol East,SSD,SS0407,SS04,April,2026,1,0
South Sudan,Unity,Panyijiar,SSD,SS0607,SS06,April,2026,0,0
South Sudan,Upper Nile,Melut,SSD,SS0709,SS07,April,2026,0,0
South Sudan,Jonglei,Nyirol,SSD,SS0307,SS03,April,2026,3,5
South Sudan,Unity,Mayom,SSD,SS0606,SS06,April,2026,2,5
South Sudan,Eastern Equatoria,Torit,SSD,SS0208,SS02,April,2026,1,0
South Sudan,Western Equatoria,Mvolo,SSD,SS1006,SS10,April,2026,1,1
South Sudan,Eastern Equatoria,Kapoeta North,SSD,SS0204,SS02,May,2026,0,0
South Sudan,Warrap,Tonj South,SSD,SS0805,SS08,May,2026,7,12
South Sudan,Unity,Panriang,SSD,SS0608,SS06,May,2026,0,0
South Sudan,Central Equatoria,Juba,SSD,SS0101,SS01,May,2026,10,15
South Sudan,Northern Bahr el Ghazal,Aweil North,SSD,SS0503,SS05,May,2026,0,0
South Sudan,Jonglei,Canal/Pigi,SSD,SS0304,SS03,May,2026,2,1
South Sudan,Jonglei,Pochalla,SSD,SS0309,SS03,May,2026,0,0
South Sudan,Northern Bahr el Ghazal,Aweil West,SSD,SS0505,SS05,May,2026,0,0
South Sudan,Unity,Mayendit,SSD,SS0605,SS06,May,2026,0,0
South Sudan,Lakes,Cueibet,SSD,SS0402,SS04,May,2026,2,2
South Sudan,Upper Nile,Maban,SSD,SS0705,SS07,May,2026,0,0
South Sudan,Warrap,Gogrial East,SSD,SS0801,SS08,May,2026,0,0
South Sudan,Upper Nile,Renk,SSD,SS0711,SS07,May,2026,0,0
South Sudan,Warrap,Twic,SSD,SS0806,SS08,May,2026,0,0
South Sudan,Upper Nile,Panyikang,SSD,SS0710,SS07,May,2026,0,0
South Sudan,Eastern Equatoria,Kapoeta East,SSD,SS0203,SS02,May,2026,0,0
South Sudan,Warrap,Tonj North,SSD,SS0804,SS08,May,2026,5,8
South Sudan,Eastern Equatoria,Ikotos,SSD,SS0202,SS02,May,2026,0,0
South Sudan,Jonglei,Duk,SSD,SS0305,SS03,May,2026,1,3
South Sudan,Lakes,Wulu,SSD,SS0406,SS04,May,2026,0,0
South Sudan,Upper Nile,Luakpiny/Nasir,SSD,SS0704,SS07,May,2026,5,23
South Sudan,Northern Bahr el Ghazal,Aweil South,SSD,SS0504,SS05,May,2026,0,0
South Sudan,Western Equatoria,Nagero,SSD,SS1007,SS10,May,2026,0,0
South Sudan,Jonglei,Akobo,SSD,SS0301,SS03,May,2026,2,1
South Sudan,Upper Nile,Longchuk,SSD,SS0703,SS07,May,2026,0,0
South Sudan,Upper Nile,Fashoda,SSD,SS0702,SS07,May,2026,0,0
South Sudan,Western Equatoria,Mundri West,SSD,SS1005,SS10,May,2026,1,1
South Sudan,Unity,Koch,SSD,SS0603,SS06,May,2026,0,0
South Sudan,Western Bahr el Ghazal,Jur River,SSD,SS0901,SS09,May,2026,0,0
South Sudan,Unity,Abiemnhom,SSD,SS0601,SS06,May,2026,0,0
South Sudan,Unity,Guit,SSD,SS0602,SS06,May,2026,0,0
South Sudan,Central Equatoria,Yei,SSD,SS0106,SS01,May,2026,3,4
South Sudan,Jonglei,Fangak,SSD,SS0306,SS03,May,2026,0,0
South Sudan,Western Bahr el Ghazal,Raja,SSD,SS0902,SS09,May,2026,0,0
South Sudan,Central Equatoria,Terekeka,SSD,SS0105,SS01,May,2026,1,1
South Sudan,Central Equatoria,Kajo Keji,SSD,SS0102,SS01,May,2026,0,0
South Sudan,Upper Nile,Baliet,SSD,SS0701,SS07,May,2026,1,2
South Sudan,Jonglei,Bor South,SSD,SS0303,SS03,May,2026,3,0
South Sudan,Warrap,Tonj East,SSD,SS0803,SS08,May,2026,1,14
South Sudan,Western Equatoria,Tambura,SSD,SS1009,SS10,May,2026,2,0
South Sudan,Central Equatoria,Lainya,SSD,SS0103,SS01,May,2026,3,0
South Sudan,Warrap,Gogrial West,SSD,SS0802,SS08,May,2026,0,0
South Sudan,Jonglei,Uror,SSD,SS0311,SS03,May,2026,1,0
South Sudan,Jonglei,Pibor,SSD,SS0308,SS03,May,2026,3,7
South Sudan,Lakes,Rumbek East,SSD,SS0404,SS04,May,2026,2,3
South Sudan,Lakes,Yirol West,SSD,SS0408,SS04,May,2026,0,0
South Sudan,Lakes,Awerial,SSD,SS0401,SS04,May,2026,0,0
South Sudan,Central Equatoria,Morobo,SSD,SS0104,SS01,May,2026,1,7
South Sudan,Western Equatoria,Anzara,SSD,SS1008,SS10,May,2026,0,0
South Sudan,Western Equatoria,Yambio,SSD,SS1010,SS10,May,2026,0,0
South Sudan,Eastern Equatoria,Magwi,SSD,SS0207,SS02,May,2026,1,6
South Sudan,Lakes,Rumbek Centre,SSD,SS0403,SS04,May,2026,1,3
South Sudan,Northern Bahr el Ghazal,Aweil Centre,SSD,SS0501,SS05,May,2026,0,0
South Sudan,Lakes,Rumbek North,SSD,SS0405,SS04,May,2026,5,7
South Sudan,Western Equatoria,Ezo,SSD,SS1001,SS10,May,2026,0,0
South Sudan,Upper Nile,Manyo,SSD,SS0708,SS07,May,2026,0,0
South Sudan,Unity,Rubkona,SSD,SS0609,SS06,May,2026,3,4
South Sudan,Upper Nile,Maiwut,SSD,SS0706,SS07,May,2026,0,0
South Sudan,Unity,Leer,SSD,SS0604,SS06,May,2026,2,1
South Sudan,Upper Nile,Ulang,SSD,SS0712,SS07,May,2026,1,0
South Sudan,Eastern Equatoria,Budi,SSD,SS0201,SS02,May,2026,1,5
South Sudan,Eastern Equatoria,Lafon,SSD,SS0206,SS02,May,2026,0,0
South Sudan,Western Equatoria,Mundri East,SSD,SS1004,SS10,May,2026,1,0
South Sudan,Jonglei,Ayod,SSD,SS0302,SS03,May,2026,1,0
South Sudan,Jonglei,Twic East,SSD,SS0310,SS03,May,2026,2,12
South Sudan,Eastern Equatoria,Kapoeta South,SSD,SS0205,SS02,May,2026,0,0
South Sudan,Northern Bahr el Ghazal,Aweil East,SSD,SS0502,SS05,May,2026,1,4
South Sudan,Western Bahr el Ghazal,Wau,SSD,SS0903,SS09,May,2026,0,0
South Sudan,Upper Nile,Malakal,SSD,SS0707,SS07,May,2026,0,0
South Sudan,Western Equatoria,Ibba,SSD,SS1002,SS10,May,2026,0,0
South Sudan,Western Equatoria,Maridi,SSD,SS1003,SS10,May,2026,0,0
South Sudan,Lakes,Yirol East,SSD,SS0407,SS04,May,2026,0,0
South Sudan,Unity,Panyijiar,SSD,SS0607,SS06,May,2026,1,3
South Sudan,Upper Nile,Melut,SSD,SS0709,SS07,May,2026,0,0
South Sudan,Jonglei,Nyirol,SSD,SS0307,SS03,May,2026,3,22
South Sudan,Unity,Mayom,SSD,SS0606,SS06,May,2026,2,7
South Sudan,Eastern Equatoria,Torit,SSD,SS0208,SS02,May,2026,4,5
South Sudan,Western Equatoria,Mvolo,SSD,SS1006,SS10,May,2026,1,7
South Sudan,Eastern Equatoria,Kapoeta North,SSD,SS0204,SS02,June,2026,0,0
South Sudan,Warrap,Tonj South,SSD,SS0805,SS08,June,2026,2,7
South Sudan,Unity,Panriang,SSD,SS0608,SS06,June,2026,0,0
South Sudan,Central Equatoria,Juba,SSD,SS0101,SS01,June,2026,4,1
South Sudan,Northern Bahr el Ghazal,Aweil North,SSD,SS0503,SS05,June,2026,0,0
South Sudan,Jonglei,Canal/Pigi,SSD,SS0304,SS03,June,2026,2,5
South Sudan,Jonglei,Pochalla,SSD,SS0309,SS03,June,2026,2,4
South Sudan,Northern Bahr el Ghazal,Aweil West,SSD,SS0505,SS05,June,2026,0,0
South Sudan,Unity,Mayendit,SSD,SS0605,SS06,June,2026,0,0
South Sudan,Lakes,Cueibet,SSD,SS0402,SS04,June,2026,2,7
South Sudan,Upper Nile,Maban,SSD,SS0705,SS07,June,2026,1,2
South Sudan,Warrap,Gogrial East,SSD,SS0801,SS08,June,2026,3,4
South Sudan,Upper Nile,Renk,SSD,SS0711,SS07,June,2026,0,0
South Sudan,Warrap,Twic,SSD,SS0806,SS08,June,2026,2,1
South Sudan,Upper Nile,Panyikang,SSD,SS0710,SS07,June,2026,0,0
South Sudan,Eastern Equatoria,Kapoeta East,SSD,SS0203,SS02,June,2026,4,3
South Sudan,Warrap,Tonj North,SSD,SS0804,SS08,June,2026,7,3
South Sudan,Eastern Equatoria,Ikotos,SSD,SS0202,SS02,June,2026,1,2
South Sudan,Jonglei,Duk,SSD,SS0305,SS03,June,2026,2,23
South Sudan,Lakes,Wulu,SSD,SS0406,SS04,June,2026,2,2
South Sudan,Upper Nile,Luakpiny/Nasir,SSD,SS0704,SS07,June,2026,3,2
South Sudan,Northern Bahr el Ghazal,Aweil South,SSD,SS0504,SS05,June,2026,0,0
South Sudan,Western Equatoria,Nagero,SSD,SS1007,SS10,June,2026,0,0
South Sudan,Jonglei,Akobo,SSD,SS0301,SS03,June,2026,1,1
South Sudan,Upper Nile,Longchuk,SSD,SS0703,SS07,June,2026,0,0
South Sudan,Upper Nile,Fashoda,SSD,SS0702,SS07,June,2026,0,0
South Sudan,Western Equatoria,Mundri West,SSD,SS1005,SS10,June,2026,1,1
South Sudan,Unity,Koch,SSD,SS0603,SS06,June,2026,0,0
South Sudan,Western Bahr el Ghazal,Jur River,SSD,SS0901,SS09,June,2026,1,5
South Sudan,Unity,Abiemnhom,SSD,SS0601,SS06,June,2026,0,0
South Sudan,Unity,Guit,SSD,SS0602,SS06,June,2026,1,2
South Sudan,Central Equatoria,Yei,SSD,SS0106,SS01,June,2026,1,0
South Sudan,Jonglei,Fangak,SSD,SS0306,SS03,June,2026,0,0
South Sudan,Western Bahr el Ghazal,Raja,SSD,SS0902,SS09,June,2026,1,1
South Sudan,Central Equatoria,Terekeka,SSD,SS0105,SS01,June,2026,0,0
South Sudan,Central Equatoria,Kajo Keji,SSD,SS0102,SS01,June,2026,0,0
South Sudan,Upper Nile,Baliet,SSD,SS0701,SS07,June,2026,1,0
South Sudan,Jonglei,Bor South,SSD,SS0303,SS03,June,2026,2,4
South Sudan,Warrap,Tonj East,SSD,SS0803,SS08,June,2026,4,4
South Sudan,Western Equatoria,Tambura,SSD,SS1009,SS10,June,2026,0,0
South Sudan,Central Equatoria,Lainya,SSD,SS0103,SS01,June,2026,0,0
South Sudan,Warrap,Gogrial West,SSD,SS0802,SS08,June,2026,0,0
South Sudan,Jonglei,Uror,SSD,SS0311,SS03,June,2026,2,1
South Sudan,Jonglei,Pibor,SSD,SS0308,SS03,June,2026,3,7
South Sudan,Lakes,Rumbek East,SSD,SS0404,SS04,June,2026,0,0
South Sudan,Lakes,Yirol West,SSD,SS0408,SS04,June,2026,1,4
South Sudan,Lakes,Awerial,SSD,SS0401,SS04,June,2026,0,0
South Sudan,Central Equatoria,Morobo,SSD,SS0104,SS01,June,2026,3,0
South Sudan,Western Equatoria,Anzara,SSD,SS1008,SS10,June,2026,0,0
South Sudan,Western Equatoria,Yambio,SSD,SS1010,SS10,June,2026,0,0
South Sudan,Eastern Equatoria,Magwi,SSD,SS0207,SS02,June,2026,0,0
South Sudan,Lakes,Rumbek Centre,SSD,SS0403,SS04,June,2026,3,8
South Sudan,Northern Bahr el Ghazal,Aweil Centre,SSD,SS0501,SS05,June,2026,1,0
South Sudan,Lakes,Rumbek North,SSD,SS0405,SS04,June,2026,1,2
South Sudan,Western Equatoria,Ezo,SSD,SS1001,SS10,June,2026,1,0
South Sudan,Upper Nile,Manyo,SSD,SS0708,SS07,June,2026,0,0
South Sudan,Unity,Rubkona,SSD,SS0609,SS06,June,2026,2,15
South Sudan,Upper Nile,Maiwut,SSD,SS0706,SS07,June,2026,0,0
South Sudan,Unity,Leer,SSD,SS0604,SS06,June,2026,1,1
South Sudan,Upper Nile,Ulang,SSD,SS0712,SS07,June,2026,1,2
South Sudan,Eastern Equatoria,Budi,SSD,SS0201,SS02,June,2026,1,0
South Sudan,Eastern Equatoria,Lafon,SSD,SS0206,SS02,June,2026,0,0
South Sudan,Western Equatoria,Mundri East,SSD,SS1004,SS10,June,2026,1,1
South Sudan,Jonglei,Ayod,SSD,SS0302,SS03,June,2026,0,0
South Sudan,Jonglei,Twic East,SSD,SS0310,SS03,June,2026,1,0
South Sudan,Eastern Equatoria,Kapoeta South,SSD,SS0205,SS02,June,2026,2,8
South Sudan,Northern Bahr el Ghazal,Aweil East,SSD,SS0502,SS05,June,2026,0,0
South Sudan,Western Bahr el Ghazal,Wau,SSD,SS0903,SS09,June,2026,2,5
South Sudan,Upper Nile,Malakal,SSD,SS0707,SS07,June,2026,1,0
South Sudan,Western Equatoria,Ibba,SSD,SS1002,SS10,June,2026,0,0
South Sudan,Western Equatoria,Maridi,SSD,SS1003,SS10,June,2026,0,0
South Sudan,Lakes,Yirol East,SSD,SS0407,SS04,June,2026,1,5
South Sudan,Unity,Panyijiar,SSD,SS0607,SS06,June,2026,2,4
South Sudan,Upper Nile,Melut,SSD,SS0709,SS07,June,2026,0,0
South Sudan,Jonglei,Nyirol,SSD,SS0307,SS03,June,2026,1,0
South Sudan,Unity,Mayom,SSD,SS0606,SS06,June,2026,4,8
South Sudan,Eastern Equatoria,Torit,SSD,SS0208,SS02,June,2026,6,5
South Sudan,Western Equatoria,Mvolo,SSD,SS1006,SS10,June,2026,1,0
South Sudan,Eastern Equatoria,Kapoeta North,SSD,SS0204,SS02,July,2026,0,0
South Sudan,Warrap,Tonj South,SSD,SS0805,SS08,July,2026,1,19
South Sudan,Unity,Panriang,SSD,SS0608,SS06,July,2026,0,0
South Sudan,Central Equatoria,Juba,SSD,SS0101,SS01,July,2026,5,0
South Sudan,Northern Bahr el Ghazal,Aweil North,SSD,SS0503,SS05,July,2026,0,0
South Sudan,Jonglei,Canal/Pigi,SSD,SS0304,SS03,July,2026,0,0
South Sudan,Jonglei,Pochalla,SSD,SS0309,SS03,July,2026,0,0
South Sudan,Northern Bahr el Ghazal,Aweil West,SSD,SS0505,SS05,July,2026,0,0
South Sudan,Unity,Mayendit,SSD,SS0605,SS06,July,2026,0,0
South Sudan,Lakes,Cueibet,SSD,SS0402,SS04,July,2026,0,0
South Sudan,Upper Nile,Maban,SSD,SS0705,SS07,July,2026,0,0
South Sudan,Warrap,Gogrial East,SSD,SS0801,SS08,July,2026,0,0
South Sudan,Upper Nile,Renk,SSD,SS0711,SS07,July,2026,0,0
South Sudan,Warrap,Twic,SSD,SS0806,SS08,July,2026,0,0
South Sudan,Upper Nile,Panyikang,SSD,SS0710,SS07,July,2026,1,5
South Sudan,Eastern Equatoria,Kapoeta East,SSD,SS0203,SS02,July,2026,1,0
South Sudan,Warrap,Tonj North,SSD,SS0804,SS08,July,2026,2,38
South Sudan,Eastern Equatoria,Ikotos,SSD,SS0202,SS02,July,2026,0,0
South Sudan,Jonglei,Duk,SSD,SS0305,SS03,July,2026,2,2
South Sudan,Lakes,Wulu,SSD,SS0406,SS04,July,2026,0,0
South Sudan,Upper Nile,Luakpiny/Nasir,SSD,SS0704,SS07,July,2026,3,4
South Sudan,Northern Bahr el Ghazal,Aweil South,SSD,SS0504,SS05,July,2026,0,0
South Sudan,Western Equatoria,Nagero,SSD,SS1007,SS10,July,2026,0,0
South Sudan,Jonglei,Akobo,SSD,SS0301,SS03,July,2026,2,80
South Sudan,Upper Nile,Longchuk,SSD,SS0703,SS07,July,2026,0,0
South Sudan,Upper Nile,Fashoda,SSD,SS0702,SS07,July,2026,0,0
South Sudan,Western Equatoria,Mundri West,SSD,SS1005,SS10,July,2026,0,0
South Sudan,Unity,Koch,SSD,SS0603,SS06,July,2026,0,0
South Sudan,Western Bahr el Ghazal,Jur River,SSD,SS0901,SS09,July,2026,2,7
South Sudan,Unity,Abiemnhom,SSD,SS0601,SS06,July,2026,0,0
South Sudan,Unity,Guit,SSD,SS0602,SS06,July,2026,0,0
South Sudan,Central Equatoria,Yei,SSD,SS0106,SS01,July,2026,1,3
South Sudan,Jonglei,Fangak,SSD,SS0306,SS03,July,2026,0,0
South Sudan,Western Bahr el Ghazal,Raja,SSD,SS0902,SS09,July,2026,0,0
South Sudan,Central Equatoria,Terekeka,SSD,SS0105,SS01,July,2026,0,0
South Sudan,Central Equatoria,Kajo Keji,SSD,SS0102,SS01,July,2026,2,0
South Sudan,Upper Nile,Baliet,SSD,SS0701,SS07,July,2026,0,0
South Sudan,Jonglei,Bor South,SSD,SS0303,SS03,July,2026,3,1
South Sudan,Warrap,Tonj East,SSD,SS0803,SS08,July,2026,2,7
South Sudan,Western Equatoria,Tambura,SSD,SS1009,SS10,July,2026,0,0
South Sudan,Central Equatoria,Lainya,SSD,SS0103,SS01,July,2026,1,0
South Sudan,Warrap,Gogrial West,SSD,SS0802,SS08,July,2026,0,0
South Sudan,Jonglei,Uror,SSD,SS0311,SS03,July,2026,3,24
South Sudan,Jonglei,Pibor,SSD,SS0308,SS03,July,2026,1,2
South Sudan,Lakes,Rumbek East,SSD,SS0404,SS04,July,2026,1,0
South Sudan,Lakes,Yirol West,SSD,SS0408,SS04,July,2026,0,0
South Sudan,Lakes,Awerial,SSD,SS0401,SS04,July,2026,0,0
South Sudan,Central Equatoria,Morobo,SSD,SS0104,SS01,July,2026,0,0
South Sudan,Western Equatoria,Anzara,SSD,SS1008,SS10,July,2026,0,0
South Sudan,Western Equatoria,Yambio,SSD,SS1010,SS10,July,2026,0,0
South Sudan,Eastern Equatoria,Magwi,SSD,SS0207,SS02,July,2026,0,0
South Sudan,Lakes,Rumbek Centre,SSD,SS0403,SS04,July,2026,0,0
South Sudan,Northern Bahr el Ghazal,Aweil Centre,SSD,SS0501,SS05,July,2026,0,0
South Sudan,Lakes,Rumbek North,SSD,SS0405,SS04,July,2026,0,0
South Sudan,Western Equatoria,Ezo,SSD,SS1001,SS10,July,2026,0,0
South Sudan,Upper Nile,Manyo,SSD,SS0708,SS07,July,2026,0,0
South Sudan,Unity,Rubkona,SSD,SS0609,SS06,July,2026,2,1
South Sudan,Upper Nile,Maiwut,SSD,SS0706,SS07,July,2026,0,0
South Sudan,Unity,Leer,SSD,SS0604,SS06,July,2026,0,0
South Sudan,Upper Nile,Ulang,SSD,SS0712,SS07,July,2026,1,1
South Sudan,Eastern Equatoria,Budi,SSD,SS0201,SS02,July,2026,0,0
South Sudan,Eastern Equatoria,Lafon,SSD,SS0206,SS02,July,2026,0,0
South Sudan,Western Equatoria,Mundri East,SSD,SS1004,SS10,July,2026,1,2
South Sudan,Jonglei,Ayod,SSD,SS0302,SS03,July,2026,0,0
South Sudan,Jonglei,Twic East,SSD,SS0310,SS03,July,2026,3,2
South Sudan,Eastern Equatoria,Kapoeta South,SSD,SS0205,SS02,July,2026,0,0
South Sudan,Northern Bahr el Ghazal,Aweil East,SSD,SS0502,SS05,July,2026,0,0
South Sudan,Western Bahr el Ghazal,Wau,SSD,SS0903,SS09,July,2026,3,2
South Sudan,Upper Nile,Malakal,SSD,SS0707,SS07,July,2026,1,0
South Sudan,Western Equatoria,Ibba,SSD,SS1002,SS10,July,2026,0,0
South Sudan,Western Equatoria,Maridi,SSD,SS1003,SS10,July,2026,0,0
South Sudan,Lakes,Yirol East,SSD,SS0407,SS04,July,2026,1,0
South Sudan,Unity,Panyijiar,SSD,SS0607,SS06,July,2026,3,18
South Sudan,Upper Nile,Melut,SSD,SS0709,SS07,July,2026,0,0
South Sudan,Jonglei,Nyirol,SSD,SS0307,SS03,July,2026,6,7
South Sudan,Unity,Mayom,SSD,SS0606,SS06,July,2026,1,0
South Sudan,Eastern Equatoria,Torit,SSD,SS0208,SS02,July,2026,4,5
South Sudan,Western Equatoria,Mvolo,SSD,SS1006,SS10,July,2026,0,0
